title,company,link
Senior Quality Assurance Engineer / SDET - Remote,"Theorem, LLC",https://stackoverflow.com/jobs/449511/senior-quality-assurance-engineer-sdet-remote-theorem-llc?a=2qKD24MIM5tC&so=i&pg=1&offset=0&total=38&so_medium=Internal&so_source=JobSearch&q=python&r=true
Senior Backend Engineer - Python,APNATIME TECH PRIVATE LIMITED,https://stackoverflow.com/jobs/411044/senior-backend-engineer-python-apnatime-tech-private-limited?a=2dQMOErabxDy&so=i&pg=1&offset=1&total=38&so_medium=Internal&so_source=JobSearch&q=python&r=true
Python/AWS (Remote),X-Team,https://stackoverflow.com/jobs/445852/python-aws-remote-x-team?a=2pwxQc3OETaU&so=i&pg=1&offset=2&total=38&so_medium=Internal&so_source=JobSearch&q=python&r=true
Python/ElasticSearch Developer (Remote),X-Team,https://stackoverflow.com/jobs/439738/python-elasticsearch-developer-remote-x-team?a=2ntpVvmJJio0&so=i&pg=1&offset=3&total=38&so_medium=Internal&so_source=JobSearch&q=python&r=true
Python Developer,BairesDev LLC,https://stackoverflow.com/jobs/430795/python-developer-bairesdev-llc?a=2ktsZ0YQxP44&so=i&pg=1&offset=4&total=38&so_medium=Internal&so_source=JobSearch&q=python&r=true
Senior Python Engineer,Hummingbot,https://stackoverflow.com/jobs/440503/senior-python-engineer-hummingbot?a=2nJk8hQwCSaI&so=i&pg=1&offset=5&total=38&so_medium=Internal&so_source=JobSearch&q=python&r=true
Senior Python Dev for Open Source ML Tools,"Iterative, Inc",https://stackoverflow.com/jobs/446359/senior-python-dev-for-open-source-ml-tools-iterative-inc?a=2pH5rB8J8qCk&so=i&pg=1&offset=6&total=38&so_medium=Internal&so_source=JobSearch&q=python&r=true
Lead Software Engineer (CRM & Business APIs) (m/f/d),"LABSTER AG
                        via
Hays PLC",https://stackoverflow.com/jobs/452354/lead-software-engineer-crm-business-apis-m-f-labster-ag?a=2rHJWSnKAI3S&so=i&pg=1&offset=7&total=38&so_medium=Internal&so_source=JobSearch&q=python&r=true
"Software Engineer, Backend (Remote)",Hotjar,https://stackoverflow.com/jobs/279346/software-engineer-backend-remote-hotjar?a=1vGpeFRZU7Kg&so=i&pg=1&offset=8&total=38&so_medium=Internal&so_source=JobSearch&q=python&r=true
Remote Full Stack Software Engineer to optimize the world of Container Shipping,Portchain,https://stackoverflow.com/jobs/433882/remote-full-stack-software-engineer-to-optimize-portchain?a=2lvECc4xdJWo&so=i&pg=1&offset=9&total=38&so_medium=Internal&so_source=JobSearch&q=python&r=true
Remote Principal Software Engineer to optimize the world of Container Shipping,Portchain,https://stackoverflow.com/jobs/433884/remote-principal-software-engineer-to-optimize-portchain?a=2lvHc37BY56E&so=i&pg=1&offset=10&total=38&so_medium=Internal&so_source=JobSearch&q=python&r=true
Senior Software Engineer,SingleOps,https://stackoverflow.com/jobs/450842/senior-software-engineer-singleops?a=2rciK0RRwCYM&so=i&pg=1&offset=11&total=38&so_medium=Internal&so_source=JobSearch&q=python&r=true
Software Engineer,Inari Agriculture,https://stackoverflow.com/jobs/452405/software-engineer-inari-agriculture?a=2rINHc9cEpMs&so=i&pg=1&offset=12&total=38&so_medium=Internal&so_source=JobSearch&q=python&r=true
Full-Stack Engineer,Octane AI,https://stackoverflow.com/jobs/401816/full-stack-engineer-octane-ai?a=2aKUsJtRuqeQ&so=i&pg=1&offset=13&total=38&so_medium=Internal&so_source=JobSearch&q=python&r=true
Senior Software Engineer,Heart Health Intelligence,https://stackoverflow.com/jobs/451420/senior-software-engineer-heart-health-intelligence?a=2rojSicZxhNm&so=i&pg=1&offset=14&total=38&so_medium=Internal&so_source=JobSearch&q=python&r=true
Go Developer (Remote),X-Team,https://stackoverflow.com/jobs/235208/go-developer-remote-x-team?a=1gSEmzL8Cfn2&so=i&pg=1&offset=15&total=38&so_medium=Internal&so_source=JobSearch&q=python&r=true
Senior Front-End Engineer,Hummingbot,https://stackoverflow.com/jobs/440502/senior-front-end-engineer-hummingbot?a=2nJiQmjZfHAA&so=i&pg=1&offset=16&total=38&so_medium=Internal&so_source=JobSearch&q=python&r=true
Senior Machine Learning Engineer - Remote - EU Time Zone,CVEDIA,https://stackoverflow.com/jobs/428564/senior-machine-learning-engineer-remote-eu-cvedia?a=2jJ4S37VM10c&so=i&pg=1&offset=17&total=38&so_medium=Internal&so_source=JobSearch&q=python&r=true
Researcher Developer,IOVLABS,https://stackoverflow.com/jobs/448524/researcher-developer-iovlabs?a=2qq6tkm7eYdG&so=i&pg=1&offset=18&total=38&so_medium=Internal&so_source=JobSearch&q=python&r=true
Senior Data Engineer,Quadpay,https://stackoverflow.com/jobs/415728/senior-data-engineer-quadpay?a=2fqbeyEuH37W&so=i&pg=1&offset=19&total=38&so_medium=Internal&so_source=JobSearch&q=python&r=true
Customer Success Engineer (APAC timezone),Platform.sh,https://stackoverflow.com/jobs/440507/customer-success-engineer-apac-timezone-platformsh?a=2nJphZWG7yve&so=i&pg=1&offset=20&total=38&so_medium=Internal&so_source=JobSearch&q=python&r=true
Full Stack Engineer / Server Developer - help us create amazing games!,kwalee Ltd,https://stackoverflow.com/jobs/415698/full-stack-engineer-server-developer-help-us-kwalee-ltd?a=2fpyyIUltVE4&so=i&pg=1&offset=21&total=38&so_medium=Internal&so_source=JobSearch&q=python&r=true
Senior Data Engineer,Second Measure,https://stackoverflow.com/jobs/446573/senior-data-engineer-second-measure?a=2pLxk9rV6XjW&so=i&pg=1&offset=22&total=38&so_medium=Internal&so_source=JobSearch&q=python&r=true
Cloud Engineer,Platform.sh,https://stackoverflow.com/jobs/439758/cloud-engineer-platformsh?a=2ntPI3RvcI2A&so=i&pg=1&offset=23&total=38&so_medium=Internal&so_source=JobSearch&q=python&r=true
Integrations Engineer (Remote),X-Team,https://stackoverflow.com/jobs/408566/integrations-engineer-remote-x-team?a=2d1ghvXi6zDO&so=i&pg=1&offset=24&total=38&so_medium=Internal&so_source=JobSearch&q=python&r=true
Backend Developer Data Scientist,komoot,https://remoteok.io/remote-jobs/99798-remote-backend-developer-data-scientist-komoot
Senior Front End Developer,PolySwarm,https://remoteok.io/remote-jobs/99794-remote-senior-front-end-developer-polyswarm
Senior Software Engineer React React,Very LLC,https://remoteok.io/remote-jobs/99730-remote-senior-software-engineer-react-react-very-llc
Full Stack Engineer,GooseChase,https://remoteok.io/remote-jobs/99701-remote-full-stack-engineer-goosechase
Back End Developer,InReach Ventures,https://remoteok.io/remote-jobs/99530-remote-back-end-developer-inreach-ventures
Senior Software Engineer,Netdata Inc,https://remoteok.io/remote-jobs/99258-remote-senior-software-engineer-netdata-inc
Sr Software Engineer ML Open Source,Iterative,https://remoteok.io/remote-jobs/99244-remote-sr-software-engineer-ml-open-source-iterative
Senior Back End Engineer,Beyond Pricing,https://remoteok.io/remote-jobs/99409-remote-senior-back-end-engineer-beyond-pricing
Senior Software Engineer,Muck Rack,https://remoteok.io/remote-jobs/99378-remote-senior-software-engineer-muck-rack
Full Stack Developer,Coconut ,https://remoteok.io/remote-jobs/99168-remote-full-stack-developer-coconut
Python Developer,CMAS Systems,https://remoteok.io/remote-jobs/99676-remote-python-developer-cmas-systems
Senior Python Developer,Findaway World,https://remoteok.io/remote-jobs/99575-remote-senior-python-developer-findaway-world
Lead Back End Developer,Simpleweb,https://remoteok.io/remote-jobs/99178-remote-lead-back-end-developer-simpleweb
Freelance Backend Developer,Toptal,https://remoteok.io/remote-jobs/99118-remote-freelance-backend-developer-remote-toptal
Lead Full Stack Software Engineer,Prominent Edge,https://remoteok.io/remote-jobs/97397-remote-lead-full-stack-software-engineer-prominent-edge
Full Stack Python js Developer,Fjelltopp,https://remoteok.io/remote-jobs/97053-remote-full-stack-python-js-developer-fjelltopp
Python Django Software Engineer,WP Media,https://remoteok.io/remote-jobs/96938-remote-python-django-software-engineer-wp-media
Software Engineer Security,Doximity,https://remoteok.io/remote-jobs/86398-remote-software-engineer-security-doximity
Django Developer,Mainvest,https://remoteok.io/remote-jobs/86390-remote-django-developer-mainvest
Software Engineer,"PrintWithMe, Inc.",https://remoteok.io/remote-jobs/86265-remote-software-engineer-printwithme-inc
Python Developer,Backtracks.fm,https://remoteok.io/remote-jobs/86257-remote-python-developer-backtracks-fm
Software Engineer,Simple Poll,https://remoteok.io/remote-jobs/85261-remote-software-engineer-full-stack-simple-poll
Freelance Python Developer,Toptal,https://remoteok.io/remote-jobs/85053-remote-freelance-python-developer-remote-toptal
Devops Python Django SaaS Developer,WP Media,https://remoteok.io/remote-jobs/84795-remote-devops-python-django-saas-developer-wp-media
Senior Python Developer,Remotesome,https://remoteok.io/remote-jobs/84524-remote-senior-python-developer-remotesome
Lead Backend Developer,Kokoon Technology Ltd,https://remoteok.io/remote-jobs/84313-remote-lead-backend-developer-remote-kokoon-technology-ltd
Backend Developer,Jetcake,https://remoteok.io/remote-jobs/83559-remote-backend-developer-jetcake
ELK Stack Developer,Atlastix,https://remoteok.io/remote-jobs/77164-remote-elk-stack-developer-atlastix
Full Stack Django Developer,Wildfish,https://remoteok.io/remote-jobs/77074-remote-full-stack-django-developer-wildfish
Full Stack Developer,REPAY,https://remoteok.io/remote-jobs/77035-remote-full-stack-developer-python-repay
Software Engineer Full Stack,Doximity,https://remoteok.io/remote-jobs/76493-remote-software-engineer-full-stack-doximity
Senior Software Engineer,Iterative,https://remoteok.io/remote-jobs/76126-remote-senior-software-engineer-iterative
Developer Senior Developer,MVPF,https://remoteok.io/remote-jobs/75960-remote-developer-or-senior-developer-mvpf
Full Stack Web Developer,GooseChase,https://remoteok.io/remote-jobs/75932-remote-full-stack-web-developer-goosechase
Senior Full Stack Developer,Pupil Labs,https://remoteok.io/remote-jobs/75838-remote-senior-full-stack-developer-pupil-labs
Senior Full Stack Developer,PolySwarm,https://remoteok.io/remote-jobs/75742-remote-senior-full-stack-developer-polyswarm
Full Stack Developer Fully Startup,Specula.io,https://remoteok.io/remote-jobs/75688-remote-sr-full-stack-developer-node-vue-typescript-python-sql-elastic-fully-remote-startup-specula-io
Senior Front End Developer,PolySwarm,https://remoteok.io/remote-jobs/75673-remote-senior-front-end-developer-polyswarm
Senior Software Engineer,Snowdrop,https://remoteok.io/remote-jobs/75658-remote-senior-software-engineer-snowdrop
Full Stack Developer,SilviaTerra,https://remoteok.io/remote-jobs/75473-remote-full-stack-developer-silviaterra
Senior Devops Engineer,"ORCID, Inc.",https://remoteok.io/remote-jobs/75009-remote-senior-devops-engineer-orcid-inc-
Software Engineer Data,Doximity,https://remoteok.io/remote-jobs/74936-remote-software-engineer-data-product-integration-doximity
Full Stack Software Engineer,Fraym,https://remoteok.io/remote-jobs/74444-remote-full-stack-software-engineer-fraym
Senior Backend Engineer Golang Focus,DL Remote,https://remoteok.io/remote-jobs/74351-remote-senior-backend-engineer-golang-focus-remote-dl-remote
Senior Backend Developer,WeTravel,https://remoteok.io/remote-jobs/74163-remote-senior-backend-developer-wetravel
Software Engineer,AlphaSights,https://remoteok.io/remote-jobs/73979-remote-software-engineer-alphasights
Sr Full Stack Developer Django,Circuit Stream,https://remoteok.io/remote-jobs/73837-remote-sr-full-stack-developer-django-circuit-stream
Python Back End Web Developer,Soshace,https://remoteok.io/remote-jobs/73701-remote-remote-python-back-end-web-developer-soshace
Full Stack Software Engineer,SlashData,https://remoteok.io/remote-jobs/73663-remote-full-stack-software-engineer-js-slashdata
Software Engineer Data,Doximity,https://remoteok.io/remote-jobs/73235-remote-software-engineer-data-doximity
Senior Full Stack Engineer,Interview Schedule,https://remoteok.io/remote-jobs/73058-remote-senior-full-stack-engineer-interview-schedule
Senior Software Engineer Backend,Close,https://remoteok.io/remote-jobs/72794-remote-senior-software-engineer-backend-100-remote-close
Senior Python Developer,causaLens,https://remoteok.io/remote-jobs/72638-remote-senior-python-developer-causalens
Full Stack Developer,PolySwarm,https://remoteok.io/remote-jobs/72406-remote-full-stack-developer-polyswarm
Senior Full Stack Developer,Pupil Labs,https://remoteok.io/remote-jobs/72045-remote-senior-full-stack-developer-pupil-labs
Software Engineer Service Reliability,Doximity,https://remoteok.io/remote-jobs/71432-remote-software-engineer-service-reliability-doximity
Software Engineer Ruby Javascript,Doximity,https://remoteok.io/remote-jobs/71367-remote-software-engineer-ruby-javascript-doximity
Software Engineer Data,Doximity,https://remoteok.io/remote-jobs/71325-remote-software-engineer-data-product-integration-doximity
Senior Full Stack Developer with React Experience,Codelitt,https://remoteok.io/remote-jobs/71132-remote-senior-full-stack-developer-with-react-experience-codelitt
Lead Software Engineer,Hubbub,https://remoteok.io/remote-jobs/71202-remote-lead-software-engineer-hubbub
Full Stack Web Developer,GooseChase,https://remoteok.io/remote-jobs/70987-remote-full-stack-web-developer-goosechase
Python Developer,MADE.com,https://remoteok.io/remote-jobs/70764-remote-python-developer-made-com
Web Developer,Tao Leadership,https://remoteok.io/remote-jobs/70590-remote-web-developer-tao-leadership
Backend Web Developer,Circuit Stream,https://remoteok.io/remote-jobs/70003-remote-backend-web-developer-circuit-stream
Staff Site Reliability Engineer,CircleCI,https://remoteok.io/remote-jobs/69933-remote-staff-site-reliability-engineer-sre-circleci
Full Stack Developer with React Experience,Codelitt,https://remoteok.io/remote-jobs/69888-remote-full-stack-developer-with-react-experience-codelitt
Senior Software Engineer Python,Doximity,https://remoteok.io/remote-jobs/69245-remote-senior-software-engineer-python-doximity
Python Back End Web Developer,Soshace,https://remoteok.io/remote-jobs/69076-remote-python-back-end-web-developer-soshace
Full Stack Developer,Upstack Technologies Inc.,https://remoteok.io/remote-jobs/69034-remote-full-stack-developer-upstack-technologies-inc-
Open Source Developer Devops,OpenCraft,https://remoteok.io/remote-jobs/69030-remote-open-source-developer-devops-opencraft
Senior Software Engineer Security Video Integration,GeoComm,https://remoteok.io/remote-jobs/68982-remote-senior-software-engineer-security-video-integration-geocomm
Frontend Python Developer,Screenly,https://remoteok.io/remote-jobs/68892-remote-frontend-and-python-developer-screenly
Senior Software Engineer,Property Meld,https://remoteok.io/remote-jobs/68749-remote-senior-software-engineer-property-meld
Python Developer,CoGrammar,https://remoteok.io/remote-jobs/68679-remote-python-developer-cogrammar
Full Stack Software Engineer,Merchbar,https://remoteok.io/remote-jobs/68296-remote-full-stack-software-engineer-merchbar
Full Stack Developer tech Lead,Comparamais,https://remoteok.io/remote-jobs/68196-remote-full-stack-developer-tech-lead-comparamais
Full Stack Developer tech Lead,Comparamais,https://remoteok.io/remote-jobs/68195-remote-full-stack-developer-tech-lead-comparamais
Python Senior Developer,YMN GROUP,https://remoteok.io/remote-jobs/68169-remote-python-senior-developer-remote-ymn-group
Python Software Engineer Data Integration,Doximity,https://remoteok.io/remote-jobs/67967-remote-python-software-engineer-data-integration-doximity
Experienced 3D Software Engineers for Awesome Cutting Edge Projects,4D Pipeline,https://remoteok.io/remote-jobs/67948-remote-experienced-3d-software-engineers-for-awesome-cutting-edge-projects-augmented-reality-virtual-reality-raytracing-webgl-ue4-and-more-4d-pipeline
Python Backend Developer Wrocław PL,Kangaroo,https://remoteok.io/remote-jobs/67857-remote-python-backend-developer-in-wroclaw-pl-kangaroo
Backend Developer,Property Meld,https://remoteok.io/remote-jobs/67736-remote-backend-developer-property-meld
Software Developer,Thresher,https://remoteok.io/remote-jobs/67669-remote-software-developer-elasticsearch-thresher
An Enthusiastic Python Developer,Niteo,https://remoteok.io/remote-jobs/67565-remote-an-enthusiastic-python-developer-niteo
Python Software Engineer,Unipart Digital,https://remoteok.io/remote-jobs/67036-remote-python-software-engineer-all-levels-unipart-digital
Full Stack Developer,Upstack,https://remoteok.io/remote-jobs/66985-remote-full-stack-developer-upstack
Python C Developer,HealthLumen,https://remoteok.io/remote-jobs/99294-remote-python-c-developer-healthlumen
Senior Python Developer,Findaway,https://remoteok.io/remote-jobs/99062-remote-senior-python-developer-findaway
Python Developer,BairesDev,https://remoteok.io/remote-jobs/98788-remote-python-developer-bairesdev
SR Django Developer,Trafilea,https://remoteok.io/remote-jobs/98666-remote-sr-django-developer-trafilea
Senior Software Engineer Python Tornado AWS,Verys,https://remoteok.io/remote-jobs/98654-remote-senior-software-engineer-python-tornado-aws-verys
Python Developer,YouGov,https://remoteok.io/remote-jobs/98637-remote-python-developer-yougov
Principal Python Software Developer,Railroad19,https://remoteok.io/remote-jobs/98621-remote-principal-python-software-developer-railroad19
Experienced Python Developer,ShipHero,https://remoteok.io/remote-jobs/98580-remote-experienced-python-developer-shiphero
Senior Full Stack Python Developer,REPAY,https://remoteok.io/remote-jobs/98420-remote-senior-full-stack-python-developer-repay
Senior Python Developer,Adspert Bidmanagement,https://remoteok.io/remote-jobs/98409-remote-senior-python-developer-adspert-bidmanagement
Expert Django Developer,AppEvolve,https://remoteok.io/remote-jobs/98165-remote-expert-django-developer-appevolve
Python Developer,PeopleDoc,https://remoteok.io/remote-jobs/98046-remote-python-developer-peopledoc
Senior Python Developer,Flashpoint,https://remoteok.io/remote-jobs/97840-remote-senior-python-developer-flashpoint
Python Developer,UCRAFT,https://remoteok.io/remote-jobs/97815-remote-python-developer-ucraft
Python Developer,Upstack,https://remoteok.io/remote-jobs/97638-remote-python-developer-upstack
Python Full Stack Developer,REPAY,https://remoteok.io/remote-jobs/97466-remote-python-full-stack-developer-repay
Python Developer,Bitedge,https://remoteok.io/remote-jobs/97419-remote-python-developer-bitedge
Expert Django Developer,DjangoForce,https://remoteok.io/remote-jobs/97248-remote-expert-django-developer-djangoforce
Senior Software Engineer Python,Verys,https://remoteok.io/remote-jobs/97215-remote-senior-software-engineer-python-verys
Integrations Full Stack Python Developer,REPAY,https://remoteok.io/remote-jobs/97110-remote-integrations-full-stack-python-developer-repay
Senior Django Developer,Scalable Path,https://remoteok.io/remote-jobs/86775-remote-senior-django-developer-scalable-path
Senior Python Developer,We Are Common,https://remoteok.io/remote-jobs/86754-remote-senior-python-developer-we-are-common
Jr Python Developer,AppEvolve,https://remoteok.io/remote-jobs/86685-remote-jr-python-developer-appevolve
Senior Software Engineer,Routable,https://remoteok.io/remote-jobs/86632-remote-senior-software-engineer-python-django-routable
Full Stack Developer Node.js Python Go Autonomy Flexibility New Team,Oscatel,https://remoteok.io/remote-jobs/87096-remote-full-stack-developer-node-js-python-go-autonomy-flexibility-new-team-oscatel
Senior Python Developer,Backtracks,https://remoteok.io/remote-jobs/87344-remote-senior-python-developer-backtracks
Python Django Developer,Scanslated,https://remoteok.io/remote-jobs/87085-remote-python-django-developer-scanslated
Senior Python Developer,X-Team,https://remoteok.io/remote-jobs/87002-remote-senior-python-developer-x-team
Independent Self Motivated Python Backend Developer,Seez,https://remoteok.io/remote-jobs/85325-remote-independent-self-motivated-python-backend-developer-seez
Senior Python Developer,Surge,https://remoteok.io/remote-jobs/85309-remote-senior-python-developer-surge
Python Developer M W X,Skalar Systems,https://remoteok.io/remote-jobs/85239-remote-python-developer-m-w-x-skalar-systems
Senior Python Developer,Level Agency,https://remoteok.io/remote-jobs/84956-remote-senior-python-developer-level-agency
FULL Stack Django Developer Project Leader,Scalable Path,https://remoteok.io/remote-jobs/84941-remote-full-stack-django-developer-project-leader-scalable-path
Senior Python Developer,ShipHero,https://remoteok.io/remote-jobs/83869-remote-senior-python-developer-shiphero
Python Backend Developer,Exputec,https://remoteok.io/remote-jobs/83854-remote-python-backend-developer-exputec
Python Backend Developer 100,Clevertech,https://remoteok.io/remote-jobs/83231-remote-python-backend-developer-100-clevertech
React Python Developer 100,Clevertech,https://remoteok.io/remote-jobs/83127-remote-react-python-developer-100-clevertech
Python Back End Developer,Soshace,https://remoteok.io/remote-jobs/83097-remote-python-back-end-developer-soshace
100% Python React Developer,Clevertech,https://remoteok.io/remote-jobs/82984-remote-100-python-react-developer-clevertech
API Software Engineer Python,ReCharge Payments,https://remoteok.io/remote-jobs/77226-remote-api-software-engineer-python-recharge-payments
Full Stack React Django Developer,Soshace,https://remoteok.io/remote-jobs/76912-remote-full-stack-react-django-developer-soshace
Python Developer,Scrapinghub,https://remoteok.io/remote-jobs/76269-remote-python-developer-scrapinghub
Code Challenge Reviewer 100% £50 Per Hour Java Javascript PHP Python C# Ruby CSS HTML SQL Scala iOS Android,Geektastic,https://remoteok.io/remote-jobs/76263-remote-code-challenge-reviewer-100-50-per-hour-java-javascript-php-python-c-ruby-css-html-sql-scala-ios-android-geektastic
Back End Django Developer,Soshace,https://remoteok.io/remote-jobs/76164-remote-back-end-django-developer-soshace
Permanent Django Developer,Pivotal Energy Solutions,https://remoteok.io/remote-jobs/76108-remote-permanent-django-developer-pivotal-energy-solutions
Back End Python Developer,Pluralsight,https://remoteok.io/remote-jobs/75766-remote-back-end-python-developer-pluralsight
Full Stack Developer With React Django,Soshace,https://remoteok.io/remote-jobs/75542-remote-full-stack-developer-with-react-django-soshace
Senior Python Developer,CVEDIA,https://remoteok.io/remote-jobs/75073-remote-senior-python-developer-cvedia
Principle Python Software Engineer,Labster,https://remoteok.io/remote-jobs/74984-remote-principle-python-software-engineer-labster
Senior Python Developer,DomainTools,https://remoteok.io/remote-jobs/74941-remote-senior-python-developer-domaintools
Senior Python Developer Django Flask,Clevertech,https://remoteok.io/remote-jobs/74857-remote-senior-python-developer-django-flask-clevertech
Quantitative Developer Python,Clevertech,https://remoteok.io/remote-jobs/74388-remote-quantitative-developer-python-clevertech
Senior Python Developer Quantitative Modeling,Clevertech,https://remoteok.io/remote-jobs/74363-remote-senior-python-developer-quantitative-modeling-clevertech
Python C Developer,Clevertech,https://remoteok.io/remote-jobs/74190-remote-python-c-developer-clevertech
Senior Python Software Engineer,Labster,https://remoteok.io/remote-jobs/74183-remote-senior-python-software-engineer-labster
Senior Embedded Linux Developer with Python 100% Flexible Hours,3 other jobs Analytics Fire,https://remoteok.io/remote-jobs/74065-remote-senior-embedded-linux-developer-with-python-100-flexible-hours-3-other-jobs-analytics-fire
Senior Python Developer Interested Finance,Capital,https://remoteok.io/remote-jobs/74264-remote-senior-python-developer-interested-finance-capital
Cloud Python Developer,Elastic,https://remoteok.io/remote-jobs/73894-remote-cloud-python-developer-elastic
Senior Django Developer,Soshace,https://remoteok.io/remote-jobs/73519-remote-senior-django-developer-soshace
Senior Python Developer,Vocinity,https://remoteok.io/remote-jobs/73506-remote-senior-python-developer-vocinity
Django Web Developer,Caktus Consulting Group,https://remoteok.io/remote-jobs/73333-remote-django-web-developer-caktus-consulting-group
Python Developer,Clevertech,https://remoteok.io/remote-jobs/73304-remote-python-developer-clevertech
Python Cloud Developer,Platform.sh,https://remoteok.io/remote-jobs/73070-remote-python-cloud-developer-platform-sh
Sr Python Software Engineer,SmileDirectClub,https://remoteok.io/remote-jobs/73036-remote-sr-python-software-engineer-smiledirectclub
Python Developer,Musement,https://remoteok.io/remote-jobs/72846-remote-python-developer-musement
Python Django Developer,Daupler,https://remoteok.io/remote-jobs/72664-remote-python-django-developer-daupler
Mid Level Django Backend Developer,Pivotal Energy Solutions,https://remoteok.io/remote-jobs/72547-remote-mid-level-django-backend-developer-pivotal-energy-solutions
Senior Python Software Engineer,Namaste Technologies,https://remoteok.io/remote-jobs/72239-remote-senior-python-software-engineer-namaste-technologies
Python Software Engineer,ReCharge Payments,https://remoteok.io/remote-jobs/71975-remote-python-software-engineer-recharge-payments
Django Python Developer,Divio,https://remoteok.io/remote-jobs/70700-remote-django-python-developer-divio
Python Developer,eMoney Advisor,https://remoteok.io/remote-jobs/70262-remote-python-developer-emoney-advisor
Backend Python Django Developer,Self Decode,https://remoteok.io/remote-jobs/70053-remote-backend-python-django-developer-self-decode
Full Stack Developer Python,REPAY Realtime Electronic Payments,https://remoteok.io/remote-jobs/69529-remote-full-stack-developer-python-repay-realtime-electronic-payments
Python Developer,X-Team,https://remoteok.io/remote-jobs/69088-remote-python-developer-x-team
Senior Python Developer,SmileDirectClub,https://remoteok.io/remote-jobs/69047-remote-senior-python-developer-smiledirectclub
C Python Developer,Code Careers,https://remoteok.io/remote-jobs/68976-remote-c-python-developer-code-careers
Senior Python Developer,VersaFeed,https://remoteok.io/remote-jobs/68797-remote-senior-python-developer-versafeed
Django Python Senior Software Engineer,Load Impact,https://remoteok.io/remote-jobs/68530-remote-django-python-senior-software-engineer-load-impact
Senior Embedded Linux Developer with C Python 100% Flexible Hours,Analytics Fire,https://remoteok.io/remote-jobs/68488-remote-senior-embedded-linux-developer-with-c-python-100-flexible-hours-analytics-fire
Python Developer,Arm,https://remoteok.io/remote-jobs/68291-remote-python-developer-arm
Senior Python Developer,JBS Custom Software Solutions,https://remoteok.io/remote-jobs/68243-remote-senior-python-developer-jbs-custom-software-solutions
Python Backend Developer,trivago N.V,https://remoteok.io/remote-jobs/68232-remote-python-backend-developer-trivago-n-v
Python Software Engineering Manager,Crossover,https://remoteok.io/remote-jobs/68220-remote-python-software-engineering-manager-crossover
Senior Python Developer,Clevertech,https://remoteok.io/remote-jobs/68204-remote-senior-python-developer-clevertech
Software Engineer Python,trivago N.V,https://remoteok.io/remote-jobs/68073-remote-software-engineer-python-trivago-n-v
Back End Python Developer,GitPrine,https://remoteok.io/remote-jobs/67502-remote-back-end-python-developer-gitprine
Backend Developer Python,orderbird AG,https://remoteok.io/remote-jobs/67704-remote-backend-developer-python-orderbird-ag
Cotiviti Labs Adminops Python Developer,Cotiviti,https://remoteok.io/remote-jobs/67229-remote-cotiviti-labs-adminops-python-developer-cotiviti
Go Python Developer,Sport Whispers,https://remoteok.io/remote-jobs/67092-remote-go-python-developer-sport-whispers
Senior Backend Developer Python Django H F,Back Market,https://remoteok.io/remote-jobs/67048-remote-senior-backend-developer-python-django-h-f-back-market
Python Developer,Buto,https://remoteok.io/remote-jobs/66803-remote-python-developer-buto
Python Developer For Cryptocurrency Services,Cryptosphere Systems,https://remoteok.io/remote-jobs/66580-remote-python-developer-for-cryptocurrency-services-cryptosphere-systems
Python Software Developer,OctopusLabs,https://remoteok.io/remote-jobs/66344-remote-python-software-developer-octopuslabs
Python Developer,Objectwise Consulting Group,https://remoteok.io/remote-jobs/66308-remote-python-developer-objectwise-consulting-group
React Engineer,Elevar,https://weworkremotely.com/remote-jobs/elevar-react-engineer
"Senior Software Engineer - Open Source, Dev Tools",Iterative,https://weworkremotely.com/remote-jobs/iterative-senior-software-engineer-open-source-dev-tools
"Senior Backend Developer – Remote, Full-time",Toptal,https://weworkremotely.com/remote-jobs/toptal-senior-backend-developer-remote-full-time
"Lead Software Engineer, E-Commerce",Territory Foods,https://weworkremotely.com/remote-jobs/territory-foods-lead-software-engineer-e-commerce
Senior Full Stack Engineer,Qualio,https://weworkremotely.com/remote-jobs/qualio-senior-full-stack-engineer
Head of Engineering,InsurGrid,https://weworkremotely.com/remote-jobs/insurgrid-head-of-engineering
Senior Python Engineer,RebelMouse,https://weworkremotely.com/remote-jobs/rebelmouse-senior-python-engineer
Tech Lead,Ukufu Pty Ltd,https://weworkremotely.com/remote-jobs/ukufu-pty-ltd-tech-lead
Senior Unity Engineer - Remote - EU Time Zone,CVEDIA,https://weworkremotely.com/remote-jobs/cvedia-senior-unity-engineer-remote-eu-time-zone
Full Stack Developer,Button Inc.,https://weworkremotely.com/remote-jobs/button-inc-full-stack-developer
"Open Source Developer & DevOps (Python, Django, AWS, OpenStack)",OpenCraft,https://weworkremotely.com/remote-jobs/opencraft-open-source-developer-devops-python-django-aws-openstack-10
Production Engineer (Site Reliability Engineer),Arc,https://weworkremotely.com/remote-jobs/arc-production-engineer-site-reliability-engineer
Tech Lead - Web Scraping,DemandMatrix,https://weworkremotely.com/remote-jobs/demandmatrix-tech-lead-web-scraping
Senior Full Stack Engineer,Yup,https://weworkremotely.com/remote-jobs/yup-senior-full-stack-engineer
Full Stack Software Developer,Growth Tools,https://weworkremotely.com/remote-jobs/growth-tools-full-stack-software-developer
Senior Back-end Engineer,x.ai,https://weworkremotely.com/remote-jobs/x-ai-senior-back-end-engineer
Backend Engineer (f/m/div),Perdoo GmbH,https://weworkremotely.com/remote-jobs/perdoo-gmbh-backend-engineer-f-m-div
Back End Developer E-Mobility (remote - EU),Optimile,https://weworkremotely.com/remote-jobs/optimile-back-end-developer-e-mobility-remote-eu
Security Software Engineer,Currencycloud,https://weworkremotely.com/remote-jobs/currencycloud-security-software-engineer
Senior Back-end (Ruby on) Rails Developer,Goboony,https://weworkremotely.com/remote-jobs/goboony-senior-back-end-ruby-on-rails-developer
Python Lead Engineer,Nearsure,https://weworkremotely.com/remote-jobs/nearsure-python-lead-engineer-1
Senior Integrations Developer,Inbound FinTech,https://weworkremotely.com/remote-jobs/inbound-fintech-senior-integrations-developer
Full Stack Developer (Python & Vue.js),Unhaggle Inc.,https://weworkremotely.com/remote-jobs/unhaggle-inc-full-stack-developer-python-vue-js-2
"Principal Software Engineer, Features",ReCharge Payments,https://weworkremotely.com/remote-jobs/recharge-payments-principal-software-engineer-features
"Senior Software Engineer, Features",ReCharge Payments,https://weworkremotely.com/remote-jobs/recharge-payments-senior-software-engineer-features-1
Senior Backend Engineer,Beyond Pricing,https://weworkremotely.com/remote-jobs/beyond-pricing-senior-backend-engineer
Senior Full Stack Engineer (Remote US),Axios,https://weworkremotely.com/remote-jobs/axios-senior-full-stack-engineer-remote-us
"Software Development Manager, Platform API",ReCharge Payments,https://weworkremotely.com/remote-jobs/recharge-payments-software-development-manager-platform-api-1
"Software Development Manager, Integrations",ReCharge Payments,https://weworkremotely.com/remote-jobs/recharge-payments-software-development-manager-integrations
"Senior Software Engineer, Platform Services",ReCharge Payments,https://weworkremotely.com/remote-jobs/recharge-payments-senior-software-engineer-platform-services-2
"Software Engineer in Test, Platform Services",ReCharge Payments,https://weworkremotely.com/remote-jobs/recharge-payments-software-engineer-in-test-platform-services-2
"Staff Software Engineer - Data Platform, Native Protection",Rubrik,https://weworkremotely.com/remote-jobs/rubrik-staff-software-engineer-data-platform-native-protection
Software Engineer - Data Platform,Rubrik,https://weworkremotely.com/remote-jobs/rubrik-software-engineer-data-platform
Software Engineer - Archival & Replication,Rubrik,https://weworkremotely.com/remote-jobs/rubrik-software-engineer-archival-replication
Software Engineer - SaaS Platform,Rubrik,https://weworkremotely.com/remote-jobs/rubrik-software-engineer-saas-platform
"Software Engineer, Full Stack",Springbuk,https://weworkremotely.com/remote-jobs/springbuk-software-engineer-full-stack
"Software Engineer, SRE",Doximity,https://weworkremotely.com/remote-jobs/doximity-software-engineer-sre
Angular Developer (Asia timezone),Vanna,https://weworkremotely.com/remote-jobs/vanna-angular-developer-asia-timezone
"Senior Data Engineer, Manager",Doximity,https://weworkremotely.com/remote-jobs/doximity-senior-data-engineer-manager
Integrations Engineer (Matrix/WordPress),Automattic,https://weworkremotely.com/remote-jobs/automattic-integrations-engineer-matrix-wordpress
"Software Engineer, Full Stack ",Doximity,https://weworkremotely.com/remote-jobs/doximity-software-engineer-full-stack
Senior Salesforce Developer - Remote,Ebury,https://weworkremotely.com/remote-jobs/ebury-senior-salesforce-developer-remote
Senior Full Stack Developer - Python,DataKitchen,https://weworkremotely.com/remote-jobs/datakitchen-senior-full-stack-developer-python
Senior Quality Assurance Engineer / SDET - Remote,"Theorem, LLC",https://weworkremotely.com/remote-jobs/theorem-llc-senior-quality-assurance-engineer-sdet-remote
Senior Software Engineer,Gun.io ,https://weworkremotely.com/remote-jobs/gun-io-senior-software-engineer
Python/AWS Developer,X-Team,https://weworkremotely.com/remote-jobs/x-team-python-aws-developer
Python/ElasticSearch Developer,X-Team,https://weworkremotely.com/remote-jobs/x-team-python-elasticsearch-developer
Support Engineer,HeySummit,https://weworkremotely.com/remote-jobs/heysummit-support-engineer
Data Analytics Engineer,Reify Health,https://weworkremotely.com/remote-jobs/reify-health-data-analytics-engineer-2
(Senior) Python Full Stack Software Developer,Optimile,https://weworkremotely.com/remote-jobs/optimile-senior-python-full-stack-software-developer
Senior Backend Engineer,CloudZero,https://weworkremotely.com/remote-jobs/cloudzero-senior-backend-engineer
Senior Python/Django Engineer,Myagi,https://weworkremotely.com/remote-jobs/myagi-senior-python-django-engineer
Senior Full Stack Engineer,Thinkific,https://weworkremotely.com/remote-jobs/thinkific-senior-full-stack-engineer
Mobile Application Developer (Python),Kickback Rewards System,https://weworkremotely.com/remote-jobs/kickback-rewards-system-mobile-application-developer-python
Senior Product Engineer (Remote - Anywhere),Dataquest ,https://weworkremotely.com/remote-jobs/dataquest-senior-product-engineer-remote-anywhere
Ruby on Rails Developer,Power Home Remodeling,https://weworkremotely.com/remote-jobs/power-home-remodeling-ruby-on-rails-developer
Senior Backend Engineer,Primer.ai,https://weworkremotely.com/remote-jobs/primer-ai-senior-backend-engineer
Senior JavaScript Engineer ,Automattic,https://weworkremotely.com/remote-jobs/automattic-senior-javascript-engineer
Senior Data Analyst,Reify Health,https://weworkremotely.com/remote-jobs/reify-health-senior-data-analyst
Software Engineering Mentor,Springboard,https://weworkremotely.com/remote-jobs/springboard-software-engineering-mentor-1
Senior Data Engineer,Automattic,https://weworkremotely.com/remote-jobs/automattic-senior-data-engineer
Machine Learning Software Engineer,Automattic,https://weworkremotely.com/remote-jobs/automattic-machine-learning-software-engineer
"Senior Software Engineer, Back End, Platform Team",Abstract,https://weworkremotely.com/remote-jobs/abstract-senior-software-engineer-back-end-platform-team
Senior Python Developer - Remote,Ebury,https://weworkremotely.com/remote-jobs/ebury-senior-python-developer-remote
Python Developer,Webinterpret,https://weworkremotely.com/remote-jobs/webinterpret-python-developer
Software Development Team Lead,Ebury,https://weworkremotely.com/remote-jobs/ebury-software-development-team-lead
"Security Engineer, Security Telemetry",GitHub,https://weworkremotely.com/remote-jobs/github-security-engineer-security-telemetry
iOS Developer,Doximity,https://weworkremotely.com/remote-jobs/doximity-ios-developer
Sr. Software Engineer,Zylo,https://weworkremotely.com/remote-jobs/zylo-sr-software-engineer
Senior Android Engineer,Elevate Labs,https://weworkremotely.com/remote-jobs/elevate-labs-senior-android-engineer-1
Senior Data Engineer,Doximity,https://weworkremotely.com/remote-jobs/doximity-senior-data-engineer-1
Go Developer,X-Team,https://weworkremotely.com/remote-jobs/x-team-go-developer-1
Integrations Engineer,X-Team,https://weworkremotely.com/remote-jobs/x-team-integrations-engineer
Data Engineer,Reify Health,https://weworkremotely.com/remote-jobs/reify-health-data-engineer-1
Trading Systems Data Engineer,Kenetic Capital,https://weworkremotely.com/remote-jobs/kenetic-capital-trading-systems-data-engineer
Experienced Software Engineer (Full Stack),My China Roots,https://weworkremotely.com/remote-jobs/my-china-roots-experienced-software-engineer-full-stack-1
Customer Support Engineer ,Platform.sh,https://weworkremotely.com/remote-jobs/platform-sh-customer-support-engineer-1
Site Reliability Engineer ,Nearsure,https://weworkremotely.com/remote-jobs/nearsure-site-reliability-engineer
DevOps Engineer,Labelbox,https://weworkremotely.com/remote-jobs/labelbox-devops-engineer
Senior DevOps Engineer,Reviewshake,https://weworkremotely.com/remote-jobs/reviewshake-senior-devops-engineer
Site Reliability Engineer,Sticker Mule,https://weworkremotely.com/remote-jobs/sticker-mule-site-reliability-engineer
Cloud Operations Engineer (OpenStack+Kubernetes),Canonical,https://weworkremotely.com/remote-jobs/canonical-cloud-operations-engineer-openstack-kubernetes
Senior Security Engineer,Simple,https://weworkremotely.com/remote-jobs/simple-senior-security-engineer
Senior QA / Automation Engineer,DataKitchen,https://weworkremotely.com/remote-jobs/datakitchen-senior-qa-automation-engineer
Senior Platform Infrastructure Engineer,Olo,https://weworkremotely.com/remote-jobs/olo-senior-platform-infrastructure-engineer
DevOps Engineer,Olo,https://weworkremotely.com/remote-jobs/olo-devops-engineer
Sr. Technical Lead Engineer,RAIN,https://weworkremotely.com/remote-jobs/rain-sr-technical-lead-engineer
DevOps,BMAT Music Innovators,https://weworkremotely.com/remote-jobs/bmat-music-innovators-devops
Site Reliability Engineer (SRE) - Americas,Canonical,https://weworkremotely.com/remote-jobs/canonical-site-reliability-engineer-sre-americas
Senior Security DevOps Engineer,T.Rowe Price ,https://weworkremotely.com/remote-jobs/t-rowe-price-senior-security-devops-engineer
SRE Engineering Manager (Europe/Middle East/Africa),Canonical,https://weworkremotely.com/remote-jobs/canonical-sre-engineering-manager-europe-middle-east-africa
Site Reliability Engineer (SRE) - Remote,Ebury,https://weworkremotely.com/remote-jobs/ebury-site-reliability-engineer-sre-remote
Security Engineer [Remote],Platform.sh,https://weworkremotely.com/remote-jobs/platform-sh-security-engineer-remote
Site Reliability Engineer,Sketch ,https://weworkremotely.com/remote-jobs/sketch-site-reliability-engineer-1
Mobile Web Solutions Architect,Power Home Remodeling,https://weworkremotely.com/remote-jobs/power-home-remodeling-mobile-web-solutions-architect
System Administrator,eThink Education,https://weworkremotely.com/remote-jobs/ethink-education-system-administrator
Senior Software Engineer - Cortex,Fandom,https://weworkremotely.com/remote-jobs/fandom-senior-software-engineer-cortex
Senior DevOps Engineer,DroneDeploy,https://weworkremotely.com/remote-jobs/dronedeploy-senior-devops-engineer
Sales Engineer,ReCharge Payments,https://weworkremotely.com/remote-jobs/recharge-payments-sales-engineer-1
Business Intelligence Analyst,Moment,https://weworkremotely.com/remote-jobs/moment-business-intelligence-analyst
Tax Geography Solutions Engineer,TaxJar,https://weworkremotely.com/remote-jobs/taxjar-tax-geography-solutions-engineer
Product Analyst,Clipboard Health,https://weworkremotely.com/remote-jobs/clipboard-health-product-analyst
Product Owner,DataKitchen,https://weworkremotely.com/remote-jobs/datakitchen-product-owner
Senior Data Scientist,Primer.ai,https://weworkremotely.com/remote-jobs/primer-ai-senior-data-scientist
Product Engineer ,Platform.sh,https://weworkremotely.com/remote-jobs/platform-sh-product-engineer
Product Engineer,Zoomforth,https://weworkremotely.com/remote-jobs/zoomforth-product-engineer
Senior Data Analyst ,Smile.io ,https://weworkremotely.com/remote-jobs/smile-io-senior-data-analyst
Salesforce Developer,The Predictive Index,https://weworkremotely.com/remote-jobs/the-predictive-index-salesforce-developer
Data Analytics Mentor (Part-time/Flexible/Remote),Springboard,https://weworkremotely.com/remote-jobs/springboard-data-analytics-mentor-part-time-flexible-remote
Data Storyteller (Remote - EMEA based),SlashData Ltd,https://weworkremotely.com/remote-jobs/slashdata-ltd-data-storyteller-remote-emea-based
Senior Analytics Engineer,Automattic,https://weworkremotely.com/remote-jobs/automattic-senior-analytics-engineer
Data Engineering Mentor (Flexible/Part-Time/Remote),Springboard,https://weworkremotely.com/remote-jobs/springboard-data-engineering-mentor-flexible-part-time-remote
